algorithm:BLAKE256, bits:10, random:1, round:2, reduction:start
371,3d0
371,3fe
4a,2ff
4a,311
2b7,36d
2b7,386
349,3fe
349,13e
319,39f
319,1c3
253,1ed
253,a2
24c,1e5
24c,1b7
361,3e1
361,c
1bd,163
1bd,159
260,1b5
260,2b4
109,23a
109,17d
19d,3fe
19d,2d2
39b,b
39b,12d
3af,29d
3af,397
21b,206
21b,156
1e8,3c4
1e8,33c
376,1dc
376,39a
27b,339
27b,2c3
117,1e8
117,12f
15a,178
15a,6c
b3,49
b3,f3
2af,94
2af,53
15b,2ba
15b,1b6
27d,40
27d,99
45,346
45,36a
287,f4
287,337
1db,2af
1db,1ae
cb,37
cb,8f
3ed,2c
3ed,7f
3f4,33e
3f4,41
398,3ee
398,53
158,2e7
158,25b
c2,d2
c2,3f8
167,3f6
167,129
3c2,4
3c2,33d
29b,357
29b,c0
266,182
266,c7
1bf,e2
1bf,16
57,379
57,3f8
14,158
14,c2
3c8,47
3c8,2b4
250,ef
250,12b
374,80
374,3a4
326,17d
326,12a
3a,250
3a,388
fe,f4
fe,d
1f1,e6
1f1,391
180,ee
180,2ce
30a,161
30a,61
e9,ae
e9,3d7
343,250
343,ca
293,385
293,3ba
352,288
352,1f9
302,1b
302,21b
213,c2
213,71
2a5,330
2a5,32d
e8,9d
e8,3c4
204,207
204,253
2cd,212
2cd,181
24b,113
24b,3c3
29a,3c5
29a,2f
26,24b
26,29a
230,3a6
230,3d4
323,372
323,15f
232,181
232,332
78,206
78,fb
153,289
153,27c
131,17b
131,10e
fa,354
fa,3d3
328,27e
328,245
377,114
377,2f7
132,82
132,c3
28c,15e
28c,29a
1af,25b
1af,29d
1c8,1b3
1c8,47
14e,1d7
14e,157
1f0,133
1f0,1a9
3b5,399
3b5,ce
15c,c3
15c,9c
291,26f
291,c9
94,1b6
94,48
126,3e1
126,17d
1b8,3fd
1b8,299
38e,112
38e,36e
89,1c2
89,17a
1fd,22
1fd,25c
206,15
206,39d
388,184
388,1e6
2a0,1d0
2a0,115
39,3c8
39,388
3c0,1d2
3c0,289
2a4,17b
2a4,181
200,16f
200,312
1a9,1bb
1a9,199
1d8,236
1d8,3e1
19,21b
19,3c8
16c,97
16c,37b
d2,1dc
d2,3a2
28,230
28,323
3,2b7
3,253
192,38c
192,c2
10b,1e4
10b,394
346,183
346,2bc
36a,370
36a,164
3c7,21d
3c7,3f7
9a,1c
9a,a7
3cc,179
3cc,5e
59,33b
59,5c
27c,279
27c,1a7
d1,268
d1,36c
214,25d
214,155
274,f
274,330
2ff,291
2ff,359
311,344
311,38d
2db,113
2db,204
37,57
37,1fd
2b6,399
2b6,14b
e1,99
e1,c8
2b8,1a3
2b8,85
1d2,3a2
1d2,4c
355,139
355,3de
20,180
20,30a
106,36b
106,7e
1ac,9f
1ac,2fc
350,2bc
350,2ca
f6,1b0
f6,3b2
268,3c
268,17a
236,d6
236,343
1dc,260
1dc,7f
297,16
297,283
1ea,2d3
1ea,12c
205,77
205,11d
33d,269
33d,7d
5e,5a
5e,320
11b,394
11b,375
a6,155
a6,1bf
31f,360
31f,2aa
379,156
379,1c8
3f8,2b0
3f8,95
282,28c
282,1e1
1e4,b1
1e4,2c9
33b,2a1
33b,1c1
5c,9b
5c,374
286,3ad
286,6b
41,1d8
41,19
393,247
393,296
9b,37b
9b,93
3bd,159
3bd,26d
120,34
120,1d6
5a,286
5a,41
320,1d6
320,26a
9d,2f6
9d,3fe
2e3,e5
2e3,10f
99,358
99,6e
358,25b
358,29b
c5,36a
c5,162
1b7,5d
1b7,4
336,6b
336,3ed
122,127
122,372
2fb,3a8
2fb,381
ae,25b
ae,2b9
284,266
284,1b2
157,14c
157,ff
2cf,1d5
2cf,1b6
1c5,162
1c5,274
3b9,1b7
3b9,21d
2c4,377
2c4,47
1cd,18a
1cd,2ed
3d0,c9
3d0,371
3d5,288
3d5,55
bc,225
bc,14f
1b0,23b
1b0,9
313,14a
313,113
fb,22c
fb,20d
20c,215
20c,af
354,10d
354,be
22c,2a8
22c,3cb
212,10d
212,18
139,2fa
139,39c
f4,3d5
f4,104
363,1ca
363,1ec
28e,365
28e,155
ee,1c5
ee,227
24d,257
24d,36f
87,14
87,be
11,287
11,1db
2a7,393
2a7,275
1c0,1d
1c0,1d2
1de,c1
1de,39a
24e,c8
24e,ec
df,9d
df,d1
13a,127
13a,28c
362,b2
362,28e
be,229
be,3d8
23e,9f
23e,265
15f,26f
15f,1aa
1c2,3f8
1c2,4
17a,24
17a,3dd
344,93
344,2c5
3ee,2d2
3ee,23f
32b,32b
32b,1b4
2e9,90
2e9,5d
2d,28c
2d,1af
3eb,335
3eb,274
3f0,1a9
3f0,30f
1f8,4b
1f8,2b0
383,1b8
383,253
2d5,3a3
2d5,229
8d,2d
8d,3eb
70,15c
70,2c4
396,3ad
396,3ed
86,fb
86,362
281,3d7
281,11a
38c,280
38c,26c
1b6,26f
1b6,2c4
48,27c
48,d1
27,26
27,3a
33a,28c
33a,3e3
278,238
278,3a0
26b,166
26b,283
3ab,115
3ab,2e8
f9,20c
f9,2eb
12f,137
12f,3ea
6e,14e
6e,1c5
1c,15a
1c,326
a7,2c8
a7,1f2
37b,360
37b,140
93,388
93,e1
270,188
270,1cb
2f6,36b
2f6,191
3fe,1a4
3fe,384
37c,3f9
37c,26c
226,367
226,349
21d,169
21d,185
3e9,39a
3e9,13a
149,f1
149,3fe
4d,2b8
4d,109
22,293
22,352
13b,23a
13b,2a1
10a,3c7
10a,161
170,82
170,10
27f,173
27f,c9
34b,c8
34b,c1
9,24c
9,21b
2d3,35
2d3,1e7
155,329
155,139
2c8,148
2c8,202
1f2,17a
1f2,da
3ff,8c
3ff,109
19a,a7
19a,2c2
386,25e
386,2c2
1bb,26f
1bb,2b
179,10c
179,156
29c,37c
29c,24d
8a,344
8a,2cd
378,3d
378,26c
9f,226
9f,21d
fd,139
fd,22
25b,22d
25b,1b2
2b9,150
2b9,293
7,253
7,19d
23b,3ec
23b,e5
f1,24c
f1,e6
175,1aa
175,3c4
d9,5c
d9,130
49,214
49,274
f3,3d0
f3,26d
331,10e
331,6e
17e,58
17e,74
295,5b
295,121
304,2f
304,24b
68,323
68,9d
26f,f9
26f,2b4
1c6,2a4
1c6,1ec
5d,3bd
5d,120
3fd,25c
3fd,b4
231,1d2
231,23a
3f,1f1
3f,2a4
16f,109
16f,129
129,1fb
129,bd
1f6,3b2
1f6,96
225,1a7
225,327
14f,2ba
14f,289
c6,9a
c6,2a4
163,de
163,1ca
229,224
229,2b6
3d8,3e1
3d8,11a
b0,7
b0,23b
e2,358
e2,123
1d,b3
1d,3a
340,3a5
340,3b9
194,48
194,272
162,2e0
162,b2
2e0,151
2e0,17b
1b3,f3
1b3,278
237,29c
237,76
8f,383
8f,2d5
16,29b
16,266
18a,2cd
18a,100
2f0,3bb
2f0,290
1ba,129
1ba,353
333,2e1
333,3be
36c,37b
36c,36a
3a2,3b8
3a2,1d0
13f,f0
13f,246
337,370
337,252
1ab,8a
1ab,115
2b,fa
2b,328
3a9,199
3a9,27
130,394
130,e0
3d4,1b7
3d4,133
3f1,391
3f1,91
c1,19
c1,340
18d,3eb
18d,2ff
c8,d1
c8,1b3
123,3ef
123,372
2a1,2a5
2a1,330
b1,24e
b1,f1
272,52
272,396
d6,31f
d6,2b
3c4,305
3c4,2e
3d7,ee
3d7,1d2
35,3c2
35,38e
351,3b8
351,29a
227,1e5
227,cb
3dd,ed
3dd,16b
133,77
133,2e1
e6,122
e6,272
26d,10c
26d,289
104,37a
104,2f
3f5,1f5
3f5,74
3b2,30b
3b2,2a6
4b,2db
4b,37
2eb,162
2eb,2f
3d3,af
3d3,1a4
20d,390
20d,3b7
d,260
d,b3
246,1f7
246,248
83,1c0
83,1de
121,13a
121,132
223,34a
223,382
1b,117
1b,374
164,100
164,16f
37a,3dd
37a,39f
2f,1f0
2f,3b5
112,2f6
112,325
36b,3fb
36b,129
7e,1f1
7e,f4
2b2,2a8
2b2,232
c9,274
c9,206
b9,231
b9,3f
23a,e2
23a,15a
17d,c
17d,3b
161,2ca
161,3e1
394,272
394,18c
3e0,aa
3e0,1e6
365,388
365,118
196,26b
196,3ad
2d0,24e
2d0,95
7c,39
7c,212
3c1,187
3c1,20
84,24e
84,df
14c,2
14c,a2
397,39f
397,3ea
325,182
325,364
de,320
de,c1
14a,1f6
14a,1a5
25d,1ef
25d,370
a1,4d
a1,22
2a8,2c0
2a8,be
2c,377
2c,132
a9,386
a9,1bb
9c,293
9c,270
39f,1a2
39f,ac
375,3c4
375,188
288,3a2
288,66
3df,389
3df,1ba
360,30
360,2
34,c2
34,1b8
1d6,2b
1d6,32d
127,374
127,ff
372,185
372,250
3ef,2d9
3ef,3ef
1c7,2e0
1c7,21d
182,2a7
182,260
3e1,4f
3e1,3c1
ff,363
ff,246
1a0,149
1a0,ea
27e,10d
27e,199
1fb,20d
1fb,3ff
bd,c6
bd,163
2c3,144
2c3,166
13d,34c
13d,269
b,27b
b,117
2e6,dc
2e6,191
137,327
137,370
3ea,12c
3ea,21a
e0,2e3
e0,18d
17b,397
17b,360
10e,3eb
10e,7c
82,11
82,2a7
c3,3
c3,194
77,1fd
77,313
2e1,3f9
2e1,338
ca,311
ca,237
81,24d
81,87
6b,328
6b,157
327,ff
327,8a
370,10
370,105
2fa,310
2fa,177
39c,13e
39c,2aa
173,3fb
173,3d9
3a3,3a7
3a3,390
34c,a2
34c,220
269,35f
269,151
2f8,262
2f8,193
f0,2c4
f0,133
185,352
185,40
3a5,51
3a5,191
36d,132
36d,42
1bc,14f
1bc,2b3
373,3d9
373,11f
52,236
52,1dc
16e,27c
16e,3c2
216,315
216,13f
183,1de
183,1b8
1a5,2d3
1a5,51
2cb,17d
2cb,34e
2,349
2,319
a2,13b
a2,10a
2aa,160
2aa,3e0
c7,59
c7,2e0
1d7,3a9
1d7,ee
2ba,36d
2ba,2e3
289,eb
289,3ba
114,25d
114,a1
2bc,30c
2bc,324
3b8,299
3b8,75
10d,196
10d,2d0
329,bd
329,13a
1f5,3f5
1f5,1f5
2e7,365
2e7,160
23d,25b
23d,8f
91,396
91,86
178,36a
178,3d
6c,132
6c,2cf
97,3ab
97,f9
ab,29c
ab,8a
3ce,bd
3ce,f7
1aa,179
1aa,1a0
1a7,1f2
1a7,19c
30,45
30,15c
2ca,22
2ca,18e
b2,175
b2,d9
1ca,237
1ca,89
100,352
100,83
3a8,38d
3a8,1bd
61,343
61,99
3ba,353
3ba,1d6
3f6,96
3f6,1bf
16d,124
16d,132
251,17e
251,29a
21e,2f4
21e,25d
2d6,145
2d6,f2
3fb,3ff
3fb,81
124,1c7
124,131
10,27d
10,45
24,2a5
24,e8
3d9,3f1
3d9,2e7
21a,bb
21a,d5
80,28e
80,ee
2a6,32b
2a6,3b3
26a,3bd
26a,1cf
3d,3a
3d,3c0
10c,3e0
10c,365
156,1f5
156,24d
3f9,2fb
3f9,95
c,361
c,15a
3b,374
3b,2a0
58,282
58,1e4
74,1b8
74,3d5
3c3,1dc
3c3,24c
2ce,3b7
2ce,16b
2f4,379
2f4,1d5
40,200
40,1a9
25e,a6
25e,323
2e8,ab
2e8,3ef
184,df
184,34c
22e,25a
22e,305
280,356
280,d5
247,241
247,2dc
203,2ec
203,396
3ad,1d5
3ad,151
29,232
29,78
2c2,342
2c2,d2
13e,175
13e,2f8
2d2,273
2d2,21f
bf,b0
bf,e2
1a2,10a
1a2,3b8
ea,284
ea,2d3
3a7,19c
3a7,177
3bc,2b3
3bc,be
51,f6
51,268
19c,270
19c,13e
38d,2ff
38d,26f
199,6e
199,29
115,6e
115,d6
2fc,1e1
2fc,167
1d5,1ab
1d5,288
254,24a
254,3f3
29d,2d0
29d,2d0
30b,394
30b,ea
399,29
399,3c8
4,24c
4,361
299,350
299,34c
353,27c
353,139
2b3,73
2b3,3a8
159,23d
159,91
11d,b3
11d,3df
187,be
187,2e8
305,112
305,263
1ec,351
1ec,251
47,3cc
47,59
eb,157
eb,35
381,2f4
381,1c3
2ed,25c
2ed,1f5
4c,2b6
4c,e1
af,396
af,25b
32d,162
32d,2e5
21f,32f
21f,7e
1ae,2b9
1ae,254
7f,2a4
7f,363
ed,1d8
ed,231
39a,2c2
39a,7b
389,374
389,2f8
aa,320
aa,179
4f,20
4f,106
1a4,34b
1a4,3bc
321,132
321,39b
2c9,368
2c9,321
25c,3b8
25c,1fa
3a0,ea
3a0,177
33c,3a3
33c,cf
12c,13d
12c,4d
335,194
335,268
2d9,3f3
2d9,9e
391,86
391,39e
da,41
da,3d4
33e,2f8
33e,dc
96,278
96,26b
2b0,34e
2b0,180
119,28
119,39f
8c,32b
8c,2e9
312,325
312,141
2be,ac
2be,159
25f,3d0
25f,3f8
2ec,13b
2ec,2b1
207,222
207,2f2
15,167
15,3c2
39d,2d2
39d,115
222,36
222,a3
2f2,2e0
2f2,bb
a,1e8
a,376
1f9,2eb
1f9,2fb
18f,2d5
18f,38c
43,28
43,3
1ff,246
1ff,8c
215,17a
215,1b6
390,3f1
390,24c
3b7,4
3b7,2fc
2d1,34
2d1,58
34d,c7
34d,313
12e,282
12e,2e6
18,3af
18,14
71,291
71,24c
315,d6
315,50
f7,313
f7,337
1ce,2f0
1ce,bd
3c5,274
3c5,74
d4,33d
d4,337
bb,1f6
bb,26f
d5,11b
d5,1ab
2bf,108
2bf,bd
169,251
169,ae
32f,3ea
32f,2f1
2ee,21a
2ee,349
36,266
36,89
a3,170
a3,27f
34a,1a5
34a,36c
382,260
382,268
188,15f
188,184
65,2cd
65,336
367,129
367,23b
1e5,fe
1e5,25c
1e0,18d
1e0,aa
224,188
224,65
30f,84
30f,378
88,23e
88,15f
3cb,381
3cb,3e3
201,109
201,35
b8,27d
b8,3fd
25a,3b8
25a,b2
252,7a
252,257
3a6,3f9
3a6,59
181,87
181,2f4
332,c3
332,2e8
265,2e4
265,121
2de,206
2de,136
22a,30f
22a,88
20e,2d1
20e,14c
76,89
76,1b0
3aa,1a0
3aa,a
3de,39a
3de,2ce
3ec,251
3ec,19b
e5,336
e5,fe
294,274
294,1f0
1cb,8f
1cb,381
189,17a
189,374
42,16c
42,d2
13,3f4
13,398
3f2,da
3f2,16a
a8,3ff
a8,19a
7a,388
7a,354
10f,3c1
10f,84
1f7,337
1f7,379
248,a5
248,3fd
241,42
241,13
2dc,110
2dc,13f
a5,9
a5,2d3
113,de
113,14a
257,386
257,2fc
36f,129
36f,252
ec,2cf
ec,351
ef,3b9
ef,3dd
12b,14a
12b,32b
1ed,231
1ed,2c
24a,180
24a,251
3f3,b0
3f3,72
2e4,10d
2e4,3e2
233,265
233,2b9
292,70
292,314
22d,201
22d,b8
1b2,d9
1b2,30b
1fa,3d3
1fa,119
1ef,3dd
1ef,2d9
1b5,304
1b5,399
2b4,190
2b4,127
125,3f
125,182
72,94
72,1cd
8,39b
8,3af
cf,106
cf,1ba
32a,328
32a,384
1c3,194
1c3,1dc
3c,326
3c,39
35f,1aa
35f,99
151,24b
151,3b8
1cf,1ba
1cf,158
166,61
166,3ba
283,8b
283,356
2a2,1c1
2a2,2f9
3b3,278
3b3,13b
f,19d
f,15b
330,e0
330,2f6
67,3a
67,2fb
30d,2d0
30d,379
31e,313
31e,1ba
238,24e
238,282
12a,2c3
12a,328
339,39c
339,b3
279,4d
279,12a
356,24d
356,27c
11a,155
11a,336
1e1,c8
1e1,4f
8b,3ee
8b,15c
44,192
44,10b
66,29a
66,122
296,e7
296,c2
15e,295
15e,3ce
20a,18f
20a,43
85,13a
85,352
314,a1
314,111
385,40
385,2d3
5b,376
5b,393
e7,2fb
e7,d6
171,24
171,3d0
357,ff
357,302
c0,1a9
c0,1d
2f9,22a
2f9,172
1d0,333
1d0,c9
1c1,340
1c1,187
53,297
53,1ea
275,1de
275,67
2c0,33c
2c0,15e
160,1a7
160,30
2d7,e5
2d7,32e
249,3c1
249,3d8
34e,157
34e,2c1
73,126
73,3d0
190,70
190,3f1
e3,c5
e3,2a1
14b,2cb
14b,c8
1a3,27f
1a3,3a7
150,114
150,2bc
30c,365
30c,220
324,131
324,92
ac,378
ac,9f
108,393
108,b9
342,373
342,1ac
144,268
144,93
3c9,eb
3c9,a4
148,2f0
148,1c0
202,2be
202,25f
368,16d
368,255
18e,1f8
18e,112
16b,2d6
16b,3fb
95,27
95,33a
273,179
273,1a5
1e7,d6
1e7,3a0
35e,3ce
35e,8b
145,ee
145,16e
f2,1cd
f2,17a
32e,2e6
32e,d8
7d,3c0
7d,139
28b,3c8
28b,329
9e,354
9e,37c
110,3ee
110,14c
136,81
136,6b
338,3ab
338,3af
3e2,1a4
3e2,254
dc,374
dc,260
191,86
191,86
90,8d
90,70
2b1,122
2b1,1b6
101,121
101,1b8
3bb,2b
3bb,1bf
290,85
290,257
1e3,2a1
1e3,321
186,362
186,25e
198,12f
198,3ee
262,72
262,3af
193,e1
193,247
172,27f
172,185
310,14c
310,8f
177,26a
177,114
3a4,3bc
3a4,333
359,91
359,170
263,379
263,8
2dd,106
2dd,399
142,1bc
142,373
220,d6
220,27
141,158
141,36d
111,397
111,344
50,1ac
50,350
2cc,bd
2cc,125
31d,3df
31d,11a
12,cb
12,3ed
92,281
92,38c
364,16f
364,365
245,15f
245,10f
384,34c
384,205
1b4,17e
1b4,361
c4,10b
c4,24e
2e5,1f6
2e5,3c8
d8,1e4
d8,236
2f1,5c
2f1,1e3
3be,11d
3be,2f
3e3,321
3e3,7e
2c5,1e4
2c5,1f1
3d1,2f
3d1,349
cc,e1
cc,16
2c1,32f
2c1,337
300,83
300,10
118,a9
118,9c
255,c5
255,4f
105,3ab
105,112
11f,1e8
11f,360
2f7,186
2f7,198
26c,117
26c,2a2
140,185
140,3a5
1e6,272
1e6,2d0
36e,3c2
36e,11
39e,bf
39e,3a1
18c,2e9
18c,280
7b,2a0
7b,22c
12d,b
12d,162
3a1,1d7
3a1,3d3
348,1c0
348,cc
2f5,3c1
2f5,f7
ce,355
ce,2f0
243,3cb
243,a8
75,38e
75,bc
2e,1c8
2e,14e
3f7,379
3f7,14a
a4,15c
a4,34b
32c,4d
32c,c4
1cc,16
1cc,179
55,5e
55,11b
d0,350
d0,333
14d,2aa
14d,c7
19b,93
19b,b
23f,294
23f,1cb
16a,21e
16a,370
b4,331
b4,17e
