algorithm:KECCAK256, bits:14, random:0, round:33, reduction:end
b6a,2ec5
14c7,9ba
f9f,f6c
367c,35a0
598,110
24f8,3bb6
3242,128a
2f,36a7
22e1,e6b
155c,13ae
3a96,1177
37ba,2873
19ed,3a72
3534,2a7c
2e89,2cab
8c6,e0d
2fd0,2f00
14c3,1256
2262,1479
1925,314a
acd,66c
2cc9,2e9e
1778,3b58
2bcd,8ca
1359,2df0
19a3,f94
133f,317c
1458,3aec
df2,a0e
bdc,3863
1917,3119
35a0,759
5c1,28ca
2698,28dd
b98,2b5a
1a07,12de
3d35,6d7
323f,70e
3c5b,2237
1256,310d
2765,c2e
3215,2e7e
3ca,2788
2237,1563
3e33,29d
1a5,f47
3197,2c00
294e,1d4e
dc1,370d
16e3,bec
32cd,33db
35a9,9c8
36f6,2f7c
2fb8,3cd6
983,20a7
2788,9ab
32d1,399d
3db8,33c6
1a26,203c
f6c,3f6f
1010,46d
952,1a07
9c0,2e89
3107,1adb
238b,1458
29f3,14f1
17db,2553
240c,1db3
355b,306b
d09,2c3
5cf,13c7
34cf,396c
3618,a42
163a,1403
1b05,102
3ca4,1a3c
e3b,1ed9
3cbf,b48
29e,29e
1a7b,3a3c
26c1,3fec
2e9e,1d0d
1177,32f3
113d,dba
12ae,1e7d
46d,30f6
380b,347e
e2,1c59
185a,1e3a
2ae4,2c2d
1efa,9c0
32a9,3c5
70e,19a3
28ca,2ca7
2427,e2
1334,27a7
955,3a96
90b,516
2267,d51
516,2f
206a,ed5
2f7c,2116
35ba,2405
186e,1178
12c0,102d
207d,35c
188d,e85
1db3,293e
141c,31a
3463,25cc
37a6,30d5
17bb,955
3382,e30
2320,508
fb0,1c37
37c1,582
44d,2e51
32f3,2a0d
2cab,3a07
282d,29be
1d0d,236f
30d5,1d72
e0f,37ba
2ca7,1a13
3b90,3b14
bf1,498
2f80,10f1
c3b,1fe8
2394,3fdf
3a72,21d4
3e76,3f62
1471,16af
2a15,17fc
d67,983
36f4,12ae
3f6c,1ff6
15e9,5c9
310d,8c6
71a,24c7
2b5a,2a4f
29da,1a8e
2e4f,1df
2c90,2fb8
723,bdc
37e4,3215
1e7d,1a38
1b6a,1054
25cc,1dc0
8f,d7f
35aa,1996
2080,27c1
b40,21a0
1cc1,37c8
835,38ba
9ba,1a26
3de0,1778
2c37,944
1b66,196b
1f65,1b44
36a7,30b2
9c8,2fe
826,4fe
b48,24ed
272c,29bc
ad8,e0a
3255,3652
29be,1b70
2c88,ef8
e0a,20e5
1ae3,7e9
6e6,3817
3bdf,24bd
3a5f,14c7
3b58,3089
2e7e,19e6
1563,355f
17c5,2d85
26c6,2134
e30,2dee
1996,3e76
3995,23d1
2946,3c5b
1d4e,1b6c
17fc,3211
dba,2bcd
1403,1f84
35bb,37f
344d,8e5
d4a,1cc1
2ec5,335
3817,367c
5bc,90b
3119,5cf
1415,3062
11c9,3895
1f0d,f82
2d85,835
1b6c,43d
1b70,2c85
306b,9a5
35c,1292
37f,2b6d
a35,1e9
9ab,3b24
9a,1a37
4cd,2ad8
3ef,1c37
174e,3d97
217f,38ff
3db,29f3
23d1,2262
30b2,2cc9
3217,1a65
128d,1761
1aba,e2c
3f62,f7f
ecf,2912
3ba8,136c
122,141c
372d,1a49
146a,2506
3de4,3e40
fca,a36
316f,2cce
1b44,3995
244e,117f
1a38,1753
39d4,1f65
76b,1a39
18ea,1a12
2e90,30b4
1c8b,78
f47,3f52
24c7,171f
3a6,3dc5
3e04,3555
45b,2dbb
2e4c,3d48
2c3,df0
d51,3d38
263b,159c
1a3c,2796
1e1,2191
f14,2a5
2796,135a
3c54,10e5
3512,1995
2632,1b76
ed2,598
10d4,826
9a5,d4a
508,35a9
1a13,2557
18f7,2023
16af,1a7b
118b,3906
3bb6,22e4
335,294e
3499,258e
28db,37e4
2c33,af5
19e6,366e
21a0,11d
1292,3512
f2b,2080
2df0,3cc8
1a8e,3249
1a83,394
8ca,355b
196b,155c
3c30,15d3
1753,39d4
bec,f9f
5f4,3255
2189,71a
25d5,6e7
3a07,2e0c
12de,b98
33c6,122
2664,1279
3340,1fc5
3026,b9f
359e,2a15
3031,99a
46b,ecf
3a3c,17c5
3d77,2394
287d,2066
2e0c,1779
1ddb,237d
21f9,36f4
a36,1772
1147,c39
1dde,3446
1ed9,313
2,4a4
366e,45b
1a39,11ab
38ba,17bb
13d6,217f
1c2f,340a
2116,23d2
3665,380b
94d,33d9
997,37f
3515,107f
2b6d,952
3553,366
391e,36b3
142b,ad8
22e4,1fc7
262d,20e2
1f3b,2946
381,2f
3ef3,2320
3652,359e
7aa,2949
18bf,37d5
2873,2943
33d9,3ca4
68,3c7
1340,3c30
2483,1bcc
2a9f,31e4
2128,3ef3
2c4a,32a9
159c,d65
3ca3,391e
2dbb,3a9a
27c6,2189
1fb2,8d8
13ae,142b
1895,238b
2908,10e3
3640,11c9
1c59,2a9f
1e9,323d
3eb8,35bb
1bac,2178
35e8,1475
31e4,1bd4
df1,1fac
2405,254d
18c4,2fe2
335b,1040
2f00,2267
4a3,1a5
3f2d,2368
366,3a6
20f7,18f7
2ed8,5d2
2a7c,2121
23d2,14c7
23c1,26e4
3249,bca
182,1d30
3fec,312f
30cd,36f6
5c9,1471
38ff,2c5b
1df,d67
28ad,20e2
2820,75b
5b4,3382
20a7,1895
3a9a,2664
1d01,19ed
258e,32cd
f82,1ae3
203c,15e9
2986,185a
77e,382a
3aa2,11ce
43d,3463
1f45,171c
1c49,d1d
4e7,19b2
4a4,358f
1688,2a77
33b1,263b
47a,4e7
1a7d,33f0
1a37,2c37
759,f55
39b8,3de4
1a12,2988
237d,34be
37e9,216a
36f2,2
f09,282d
2dac,35ba
e2c,358b
1f84,4cd
3060,1cbd
317c,28db
1178,1d4e
33f0,46b
1479,5bc
31a,3eb8
77d,3771
22fd,1d3c
10b,182
c2e,133f
2a96,ed2
1ad6,3b90
57b,1623
35f6,1484
ded,a30
1f47,244e
2912,174e
3421,3924
13c7,18bf
1054,a57
2553,3e33
fa7,7aa
1c37,194d
27cf,8f
3f52,21f9
ae1,186e
3089,323f
340a,78a
3715,3534
314a,2800
944,3fb1
3493,cc8
bca,1f3b
14f1,3faa
171f,2e4f
3918,22e1
188,24ea
3f6f,1f4a
3280,3bdf
1c2a,2c33
2581,1dc0
1a01,be0
68c,3acb
34d8,1655
194d,4ab
3446,35a2
3530,1925
5d2,252e
2a0d,9a
36e0,2db9
df0,30cd
5f1,3031
20e5,34d8
391,955
323d,113d
8e5,22fd
213b,fe1
3211,1d60
135a,87a
171c,ded
3e55,5c1
27da,f39
af5,2765
3156,417
35a8,1f06
2a4f,723
22f2,29da
3924,37ea
1e3a,22f
11ce,fb0
1b25,2b99
1da9,2a4f
988,f3e
254d,2952
322d,365b
29b9,2923
f55,1dee
31a9,391
20ae,372d
2121,118b
1f4a,b6a
3abe,34cf
1d1d,3a97
3aec,77e
2737,15d0
2675,85d
16d,36e0
3fb1,2427
365b,17e0
2073,2544
1dfe,d41
3034,3197
2dfe,2c88
1fd7,32f7
ef8,3a43
169d,188d
2e40,1e48
3f7a,2f10
1dc0,4a3
33da,d75
3d48,76b
2557,1e1
3803,3f81
4ab,1efa
3c7,2d4
238f,240a
2191,c24
d65,d9
2fe4,29b7
37f8,5b4
b70,1c00
e57,1f45
29bc,df1
2d4,1334
3d38,1129
3740,b40
1dec,1464
c24,1c8b
3c6d,11c9
30c0,3515
22f,1f47
1fc7,3217
27a7,ae1
1d6d,12cd
286e,f3c
2cce,36f2
2368,14c3
37c8,27cf
2c85,216e
2040,1ab5
2f4a,10b
af8,20f7
10e3,336
37bc,3049
3faa,1917
128a,ae6
97d,1614
1040,3c54
2fce,202e
1a49,3e55
1279,1dfe
382a,3cbf
3863,286e
35a2,dc1
1fe1,1b4b
1995,1dde
1d72,29da
2023,3dce
11e4,269c
1ab5,1f50
3a43,302a
399d,262d
37ea,1c49
10e5,3ca
1129,3499
3552,2966
2066,f09
1c9,3740
312e,bff
492,1650
18ec,16d
102d,1674
21d4,2765
1bd4,16e3
1779,18ec
2303,3ba8
269c,2986
2943,3de0
1655,33b1
36b3,57b
15d0,1075
2350,1350
3e0,3b90
30f6,207d
d41,3939
109e,163a
886,2815
216e,28ad
1650,213b
2c8c,41d
2f5a,2908
1761,e5b
41d,2b84
358b,b77
15da,ea7
108a,39b8
1e48,207d
352d,b70
17e0,3329
78a,108a
75b,6bd
3e40,2350
1d3c,3e0
189,a8d
3c0f,e37
1948,15fe
1043,e0f
38c6,d3
84,2128
5f0,31a9
33db,27dd
312f,1fb2
2a39,18ea
3e8d,381
f3e,2698
3939,3db
11d,35e8
2223,2e40
cf,2d0f
3ce1,937
3973,3198
21d6,3831
347e,17db
3e3c,3a5f
110,2483
19ad,16b7
85d,f6c
2c00,3f6c
16a5,15bc
318,3665
2d0f,1aba
1062,d09
7e9,a35
1385,5f4
2bd9,8d
87a,287d
66c,f2b
388c,1f96
27c1,29e
2dee,1a7d
9c3,37c1
ed5,67a
89c,3cb5
22a8,224f
a30,1010
a8d,388c
1adb,2b11
2f1c,988
229,1d1d
2a5,2f1c
3c5,229
3213,3026
f94,3db8
904,2737
2b99,fc7
f39,1f5f
3ddc,390e
394,1c9
1674,3493
3a4c,d6e
e37,cf
250,44d
d1d,e57
3b24,35a8
114d,3d1f
1765,1685
396c,37bc
24bd,904
3198,81e
163f,3d35
1614,3e8d
3062,3552
3aaa,3c81
1075,459
34be,3d77
3a97,322d
fe1,2dac
7ec,2a39
3dc5,94d
5a4,20ae
200d,2eac
3895,342c
1623,30c0
3ef0,206a
3771,1850
92c,97d
4fe,1340
2db9,109e
6f9,bf1
216a,3774
1db8,10d4
2b11,22a3
6d7,1146
1a65,2dfe
2544,1415
3514,1d1f
d6e,302f
292a,3ee3
3029,22f2
bff,28db
302f,24f8
2ad8,1796
16b7,261b
1dee,47a
1c77,1ee2
1b76,1db8
11ab,3aaa
204c,3e3c
1763,316f
c1c,3530
2792,1ddb
2949,37e9
ae6,1688
355f,1f0d
302a,2bd9
37d5,2a96
2a,ae0
289d,1ede
19b2,3553
2a5c,2edf
15fe,349d
8d,3f2d
81e,1701
1d60,1a83
3cd6,2b7f
8e4,5f1
3555,37f8
236f,2fd0
3b66,997
102,2792
252e,fa7
95,3db2
2f10,2223
26e4,3034
106b,349f
3d1f,2fe
1796,1c2a
2343,18a1
138c,38d2
c39,2d10
3f2c,1b8f
3fdf,106b
27dd,e3b
3b14,1043
cc8,3ef
6e7,3640
3dce,2303
e17,11fb
29b7,1c31
1b4b,23c1
1c94,1d6d
333f,3a4c
f7f,37a6
da6,120a
1f79,2e8
2edf,1b2f
336,492
2d99,1b25
30b4,26c1
20e2,1b66
1fe8,af8
1f96,3f7a
30db,15ff
2952,2df3
d3,1b05
a44,e1b
24ed,1763
3d97,f10
2fe,6e6
f3c,1d01
e0d,318
1bcc,250
2028,e17
2b84,2667
1d1f,1bac
3049,209c
78,16a5
3b99,5c9
2134,9c3
2c5b,3242
300b,1f79
d9,acd
1d30,389f
226f,77d
a0e,3280
389f,240c
3f81,3156
1146,35aa
370d,3421
1f57,27da
15d3,2820
1e2,19ad
313,3abe
29d,2e4c
417,22f8
1475,1a89
10e0,33da
2b7f,2a5c
2a77,169d
349f,1dec
e6b,300b
1464,2d99
117f,128d
1ede,47b
293e,26c6
a57,2ed8
34a,f14
2966,1062
303a,fca
d75,3ce1
3acb,2581
49c,3c13
1f06,335b
3c81,7ec
1b2f,3f2c
6bd,1b6a
10f1,2980
3127,3644
f18,35f6
107f,c3b
8d8,68c
358f,3b99
e1b,1f57
1ff6,11e4
2506,2fe4
3329,189
1cbd,27c6
b77,3c6d
3774,84
67a,10e1
2e51,68
1ee2,344d
32f7,2632
d7f,3e04
342c,5a4
459,3127
209c,1fe1
47b,97d
3490,886
3bed,10e0
1fc5,34a
319f,15d3
15ff,2bf
301d,3029
38a4,d2d
21b7,12c0
1772,3803
16dd,234
e5b,37e4
1f54,2675
36b4,138c
2245,15da
3db2,3060
1850,2333
3831,2d07
13df,21d6
937,1da9
1bb,352d
2178,1cb4
11fb,3973
1cb4,2c90
1a89,13df
390e,456
e85,1146
3906,ed6
349d,1654
ed6,991
2815,13d6
1c31,32d1
3612,16dd
f61,26a6
991,3490
1df5,3ef0
28dd,204c
ea7,c1c
2697,21b7
1350,333f
1c95,38c6
1f5f,1359
3518,95
28c1,a44
3a47,2c4a
1b0b,1df5
be0,3107
b9f,200d
2923,1765
2f4,18c4
f6a,272c
99a,289d
240a,2fce
1dbf,194d
22a3,1fd7
10e1,3bed
1884,2040
15c7,3956
3790,ce1
3644,1ad6
360c,33b3
ab5,2a7c
2780,1c77
3c35,2f4
2980,312e
33cf,303a
24ea,8e4
d2d,2832
2988,30db
c6f,28c1
3c0b,3b66
2bf,6f9
2769,1c94
672,2769
18a1,92c
2cae,24de
1685,3aa2
389d,1f54
ce3,1de
f10,3514
582,3ca3
15bc,1385
120a,5f0
fc7,3f8
3cb5,330e
3550,3715
2b4e,38a4
13bd,146a
202e,32c0
136c,33cf
2fe2,1bb
2e8,2a
32c0,3213
2d10,2e90
a42,3518
3f8,2245
1701,16f
2333,3550
24de,c6f
1654,238f
485,3618
224f,319f
29c0,217f
2832,3790
1630,2073
7cf,2343
cf0,3a59
2eac,2f4a
1484,2b4e
12cd,36f4
a9,301d
36da,485
2f3d,da6
1fac,29da
31d5,2a4f
3c13,32a9
3e8b,df2
11cd,736
2963,3ddc
b06,3a47
3547,3fb8
2d07,2427
3ee3,3c0b
1966,89c
2667,1884
2800,163f
261b,3e40
38d2,3547
22f8,2f3d
ce1,7cf
16f,ab5
3c3,2f80
3a59,3c35
a7,cf0
1d0e,1c95
167a,49c
1b8f,3c3
1001,24c
392,2f5a
2c2d,226f
1c00,e2a
3fb8,389d
31ad,392
12e8,1dbf
2df3,3918
456,2697
3cc8,1948
ae0,1b0b
1cd4,ce3
26a6,29c0
3330,36b4
d10,3340
2562,1630
24c,36da
9a3,167a
1de,3330
3956,15c7
e2a,1a01
736,22e4
1f50,f18
234,292a
330e,188
33b3,3c0f
498,29b9
