algorithm:KECCAK256, bits:14, random:0, round:120, reduction:start
3317,2ce2
29e0,1522
3b34,11b5
3f42,e00
b15,2376
2ce2,3c0a
33e0,fb9
1e5f,a92
532,3a0c
2323,2282
13a7,29e0
150a,1e8e
b5c,33e0
654,4e3
2615,24a1
2d83,3f34
1cce,8f7
2282,3f42
296a,3a61
1fbc,1e5f
3bc4,f4e
e00,34a0
3a61,1af0
f61,35b7
1a52,17f6
39d7,28e6
2ff2,32f4
3a0,29e7
28e6,3094
33b9,3525
2a21,2b52
35b7,3c6
33d7,d22
1555,2ccb
3871,1fe
2485,f61
285b,2a7d
3f9,3b34
eed,9c4
f83,55b
655,2eb5
21cb,16c2
1af0,b5c
17d8,20b4
20b4,654
2a14,116d
10f5,1c71
1feb,130d
540,2098
116d,21cb
f09,3663
1093,2e53
b76,1671
35c9,2314
2b52,1d75
ce0,1666
2d9,2bb2
125d,15cf
2194,1460
e5a,597
f48,1722
31a8,2e1d
356c,3491
3f34,3ca6
3847,296a
6ef,16dc
16c2,1ebc
28c6,239a
2d28,2ff7
1b2c,f83
3ef2,3592
27f3,f09
a92,33d7
1372,2e59
1c71,13a7
1802,30a8
198a,2ae6
3592,110
ca2,3847
34a0,1b2c
1d75,3b21
29fb,3144
1ebc,2a14
3525,b0e
2ccb,15a5
1460,3aed
3144,28e9
3c0a,ca2
2e53,1d4
3b21,160c
24bc,1feb
2bb2,3af0
219e,1d33
30e7,3ce3
efe,150a
3ca6,153d
2a7d,316e
3a0c,655
3aed,19dd
2376,2fae
2e1d,28c6
17da,3a0
f4e,2a21
d8e,a95
b91,35c9
1522,22ec
a62,7ee
36f7,3a6e
17f6,402
36e6,11b0
3c6,10f5
22e4,285b
22ec,1555
19dd,3f59
23ca,efe
3af0,eed
1666,23ca
1a51,3871
1e8e,17d8
29e7,5b3
3622,382a
3ce8,532
1722,3622
2098,1a9e
4e3,1a52
3663,2194
15a5,22e4
1fe,3317
b0e,3ef2
23d4,2a0d
778,e5a
fb9,2485
2056,1ca2
3426,1e03
2ce4,d94
316e,125d
1a9e,3ce8
9c4,778
28e9,24bc
160c,2323
20f2,30b0
14a4,1fb7
d94,1a67
217b,1802
e59,3426
130d,1fbc
109d,2d28
3fc2,2056
2bbb,d55
2fae,219e
11b5,27f3
3f59,3bc4
2114,2360
1256,23d4
dd4,e59
3a6e,39d7
3f4,3b7c
a95,314
32f4,29fb
1a67,2d83
d22,49e
2eb5,1cce
f40,b15
597,a62
382a,3fc2
30b0,540
1487,36b9
1671,1a51
3b7c,1e2d
1e2d,2bbb
8d4,2114
3094,2ce4
d4f,ce0
1ca2,b76
2e59,3f4
49e,217b
110,2ff2
7ee,d4f
194d,1093
d55,3369
402,33b9
15cf,2d9
24a1,1857
55b,31a8
30a8,36f7
36b9,31fe
8f7,3c0a
12af,198a
321,1b2c
3369,20f2
2314,f48
3808,5d5
239a,3f9
11b0,2615
1ef6,108e
2321,1a20
1e03,1ef6
7e3,d8e
324a,37f7
314,8d4
362f,362f
1f36,3095
3ce3,1b5c
108e,14a4
2abc,1487
31fe,1f36
8a9,2be4
1d33,17da
5b3,b91
1857,356c
2ff7,321
153d,1372
1d4,3808
2ce0,1e27
309e,2321
3491,bc5
30c3,dd4
2999,30e7
1f0a,30c3
2a0d,7e3
326b,d55
17a,1d7d
399a,36e6
2e67,2ce0
61e,1256
1fb7,6ef
3e46,12af
2360,2335
3160,1fc2
bc5,383a
2d6b,399a
3095,1f0a
1b5c,324a
3170,15b8
37f7,61e
383a,2d6b
2cf1,2abc
2335,109d
2ae6,2cf1
142e,2e67
c4d,194d
5d5,f40
1822,1822
2c22,c4d
1fc2,2999
1b1b,1cb6
16dc,8a9
1cb6,326b
8d9,142e
296c,296c
2be4,3e46
1d7d,3170
1e27,17a
1a20,2c22
15b8,3160
